Playlist: Algorithms For GATE | DSA By Pankaj Sharma Sir | GATE Algorithms | CS & IT | GATE 2026/27 | Algorithms by Pankaj Sharma Sir
Exported: 2026-09-04 09:36:05
Total Lectures: 17

Lecture Number,Title,YouTube Link
1,Algorithms 17 | Greedy Algorithm Part 03 |  GATE 2026 Crash Course | Pankaj Sharma Sir,https://www.youtube.com/watch?v=Y-UDSqPwPRM
2,Algorithms 16 | Greedy Algorithm Part 02 |  GATE 2026 Crash Course | Pankaj Sharma Sir,https://www.youtube.com/watch?v=QXVGlRedhJE
3,Algorithms 15 | Greedy Algorithm Part 01 |  GATE 2026 Crash Course | Pankaj Sharma Sir,https://www.youtube.com/watch?v=_c1BrHhTxr4
4,Algorithms 14 | Algorithms PYQs (Part 2) |  GATE 2026 Crash Course | Pankaj Sharma Sir,https://www.youtube.com/watch?v=XEo79g8ggzI
5,Algorithms 13 | Algorithms Chapter 1 PYQs (Part 1) |  GATE 2026 Crash Course | Pankaj Sharma Sir,https://www.youtube.com/watch?v=kmPLQ_E82dk
6,Algorithms 12 | Graph Traversal Part 02 | GATE 2026 Crash Course | Pankaj Sharma Sir,https://www.youtube.com/watch?v=QmMqvrFRi0I
7,Algorithms 11 | Graph Traversal | Algorithm Crash Course for GATE | Pankaj Sharma Sir,https://www.youtube.com/watch?v=TGdeRn3Yr4A
8,Algorithms 10 | Divide and Conquer Part 04 | Algorithm Crash Course for GATE | Pankaj Sharma Sir,https://www.youtube.com/watch?v=2ZECXmq3_nc
9,Algorithms 09 | Divide and Conquer Part 03 | Algorithm Crash Course for GATE | Pankaj Sharma Sir,https://www.youtube.com/watch?v=kXXQvRkBjQc
10,Algorithms 08 | Divide and Conquer Part 02 | Algorithm Crash Course for GATE | Pankaj Sharma Sir,https://www.youtube.com/watch?v=t_06o5t-zEQ
11,Algorithms 07 | Divide and Conquer Part 01 | Algorithm Crash Course for GATE | Pankaj Sharma Sir,https://www.youtube.com/watch?v=wZelDjl3LmE
12,Algorithms 06 | Recurrence Relation Part 03 | Algorithm Crash Course for GATE | Pankaj Sharma Sir,https://www.youtube.com/watch?v=iFSeErtrk-E
13,Algorithms 05 | Recurrence Relation Part 02 | Algorithm Crash Course for GATE | Pankaj Sharma Sir,https://www.youtube.com/watch?v=BMA_aaok58g
14,Algorithms 04 | Recurrence Relation Part 01 | Algorithm Crash Course for GATE | Pankaj Sharma Sir,https://www.youtube.com/watch?v=QLG9w4DAIFg
15,Algorithms 03 | Asymptotic Analysis Part 03 | Algorithm Crash Course for GATE | Pankaj Sharma Sir,https://www.youtube.com/watch?v=Yfs4EVXYl74
16,Algorithms 02 | Asymptotic Analysis Part 02 | Algorithm Crash Course for GATE | Pankaj Sharma Sir,https://www.youtube.com/watch?v=EjUNRTc4iao
17,Algorithms 01 | Asymptotic Analysis Part 01 | Algorithm Crash Course for GATE | Pankaj Sharma Sir,https://www.youtube.com/watch?v=o-_z_p7dS_A
