Playlist: Data Structures For GATE CSE | Data Structures By Pankaj Sharma Sir | GATE For Data Structures | CS & DA
Exported: 2026-09-04 09:35:02
Total Lectures: 11

Lecture Number,Title,YouTube Link
1,Data Structures 11 | Hashing in Data Structure Explained | Pankaj Sharma Sir,https://www.youtube.com/watch?v=rn-Yo162kjU
2,Data Structures 10 | Trees Part 03 | GATE 2026 Crash Course | Pankaj sharma sir,https://www.youtube.com/watch?v=LYek8Rhl-o0
3,Data Structures 09 | Trees Part 02 | GATE 2026 Crash Course | Pankaj sharma sir,https://www.youtube.com/watch?v=bj3Z5SPF70I
4,Data Structures 08 | Trees Part 01 | GATE 2026 Crash Course | Pankaj sharma sir,https://www.youtube.com/watch?v=jFbpavkuF6A
5,Data Structures 07 | Stack and Queue Part 2 | GATE 2026 Crash Course | Pankaj Sharma Sir,https://www.youtube.com/watch?v=3STggS0LVTQ
6,Data Structures 06 | Stack and Queue Part 1 | GATE 2026 Crash Course | Pankaj Sharma Sir,https://www.youtube.com/watch?v=VnZPAS0Cfas
7,Data Structures 05 | Linked List Part 02 | GATE 2026 Crash Course | Pankaj Sharma Sir,https://www.youtube.com/watch?v=iU-WT3DPSf4
8,Data Structures 04 | Linked List Part 01 | GATE 2026 Crash Course | Pankaj Sharma Sir,https://www.youtube.com/watch?v=v7emeyxACjE
9,Data Structures 03 | Arrays Part 02 | Computer Science & IT | GATE Crash Course,https://www.youtube.com/watch?v=HDolI680pr8
10,Data Structures 02 | Arrays Part 01 | Computer Science & IT | GATE Crash Course,https://www.youtube.com/watch?v=55W7AOLL3-U
11,Data Structures 01 | Introduction to Data Structures | Computer Science & IT | GATE Crash Course,https://www.youtube.com/watch?v=GicSPlosq-I
