Playlist: Engineering Maths : For All Branches | GATE Free Crash Course
Exported: 2026-09-04 09:32:57
Total Lectures: 38

Lecture Number,Title,YouTube Link
1,Engineering Mathematics 01 | Linear Algebra : Lets Play with Determinant | GATE - For All Branches,https://www.youtube.com/watch?v=b-UZJVdLbXc
2,Engineering Mathematics 02 | Linear Algebra: Matrix & Its Amazing Properties - 1 | GATE All Branches,https://www.youtube.com/watch?v=OWykXurjpFU
3,Engineering Mathematics 03 | Linear Algebra: Matrix & Its Amazing Properties - 2 | GATE All Branches,https://www.youtube.com/watch?v=HyaeoGZyX10
4,Engineering Mathematics 4 | Linear Algebra Understand the RANK Like never Before | GATE All Branches,https://www.youtube.com/watch?v=tUDr-4sVOf4
5,Engineering Mathematics 05 | Linear Algebra: ROW ECHELON Technique for RANK | GATE All Branches,https://www.youtube.com/watch?v=UbNtMrCDAKA
6,Engineering Mathematics 06 | Linear Algebra: System of Non- Homogenious | GATE  All Branches,https://www.youtube.com/watch?v=lriozzCRpHY
7,Engineering Mathematics 07 | Linear Algebra: System of Homogeneous Equations | GATE All Branches,https://www.youtube.com/watch?v=zZ5OXIeYtYQ
8,Engineering Mathematics 08 | Linear Algebra: Eigen Value & Eigen Vector | GATE All Branches,https://www.youtube.com/watch?v=GRdSTBaAZMY
9,Engineering Mathematics 09 | Linear Algebra : Eigen Values & Eigen Vector Deocded- Episode 2 | GATE,https://www.youtube.com/watch?v=0DpfmzwAvjE
10,Engineering Mathematics 10 | Linear Algebra : Eigen Values & Eigen Vector Decoded- Episode 3 | GATE,https://www.youtube.com/watch?v=dN42j0bGOjs
11,Engineering Mathematics 11 | Linear Algebra | Caley Hamilton Theorem | GATE All Branches,https://www.youtube.com/watch?v=1mw7fpPbYMU
12,"Engineering Mathematics 12 | Linear Span, Basis, Dimensions | GATE  All Branches",https://www.youtube.com/watch?v=SzMQzgQHIkg
13,"Engineering Mathematics 13 | Linear Algebra : Vector Subspace, Span, Basis, Dimensions Part-2 | GATE",https://www.youtube.com/watch?v=Cg71bRRYZsc
14,Engineering Mathematics 14 | Calculus -Let's play with LIMITS  | GATE  All Branches,https://www.youtube.com/watch?v=r1p8pUd7AWs
15,Engineering Mathematics | Menti War on Linear Algebra | GATE All Branches,https://www.youtube.com/watch?v=W8uG3SUGjVM
16,Engineering Mathematics 15 | Calculus - CONTINUITY of a function | GATE All Branches,https://www.youtube.com/watch?v=YCBD6_NK3T4
17,Engineering Mathematics 16 | CONTINUITY & DIFFERENTIABILITY | GATE All Branches,https://www.youtube.com/watch?v=yLcmMa33Ydc
18,Engineering Mathematics 17 | Application Of Derivative - Episode 1 | GATE All Branches,https://www.youtube.com/watch?v=T0MwNyNBuw4
19,Engineering Mathematics 18 | Calculus-Application Of Derivative - Episode 2 | GATE All Branches,https://www.youtube.com/watch?v=J7pdWz2M3zg
20,Engineering Mathematics 19 | Calculus - Single Integration | GATE All Branches,https://www.youtube.com/watch?v=5y70mUdzHT4
21,Engineering Mathematics 20 | Calculus - Multiple Integral - Episode 1 | GATE All Branches,https://www.youtube.com/watch?v=Z5S3tLEUgjQ
22,Engineering Mathematics 21 | Calculus- Multiple Integral - Episode 2 | GATE All Branches,https://www.youtube.com/watch?v=uwYi9MVBTcc
23,Engineering Mathematics 22 | Calculus- Multiple Integral -Episode 3 | GATE All Branches,https://www.youtube.com/watch?v=HtuVQxzT73k
24,Engineering Mathematics 23 | Vector Calculus - Differential Vector Calculus | GATE All Branches,https://www.youtube.com/watch?v=jZqXMuwiGTI
25,Engineering Mathematics 24 | Vector Calculus - Integral Vector Calculus | GATE All Branches,https://www.youtube.com/watch?v=iAyZFAX_FCk
26,Engineering Mathematics 25 | Vector Calculus- Integral Vector Calculus-2 | GATE All Branches,https://www.youtube.com/watch?v=JQOKmUnfdVk
27,Engineering Mathematics 26 | Complex Calculus - Differential Complex Calculus | GATE All Branches,https://www.youtube.com/watch?v=t8kqlaslMBk
28,Engineering Mathematics 27 | Complex Calculus- Integral Complex Calculus | GATE All Branches,https://www.youtube.com/watch?v=qWZAwOUJNDQ
29,Engineering Mathematics 28 | Differential Equation - Differential Equation - Episode 1 | GATE,https://www.youtube.com/watch?v=Wal1EA_rYhE
30,Engineering Mathematics 29 | Differential Equation - Differential Equation Ep. 2 | GATE All Branches,https://www.youtube.com/watch?v=H1sXMwVUgpE
31,Engineering Mathematics 30 | Differential Equation - Episode 3 | GATE All Branches,https://www.youtube.com/watch?v=NrwpmbIS-Os
32,Engineering Mathematics 31 | Probability: Probability - Episode 1 | GATE All Branches,https://www.youtube.com/watch?v=f3MkZBFLuHs
33,Engineering Mathematics 32 | Probability: Probability - Episode 2 | GATE All Branches,https://www.youtube.com/watch?v=2oEVuehArX4
34,Engineering Mathematics 33 | Probability: Ep. 3 | GATE All Branches,https://www.youtube.com/watch?v=GFuaHgR3OEQ
35,Engineering Mathematics 34 | Probability - Episode 4 | GATE All Branches,https://www.youtube.com/watch?v=Jhz5wt4W0AQ
36,Engineering Mathematics 35 | Random Variable : Random Variable -Episode 1 | GATE All Branches,https://www.youtube.com/watch?v=gGzklL88YI8
37,Engineering Mathematics 36 | Random Variable : Random Variable - Episode 2 | GATE All Branches,https://www.youtube.com/watch?v=OMjIOGXQhpk
38,Engineering Mathematics 37 | Statistics | GATE All Branches,https://www.youtube.com/watch?v=Ucmpugts1dw
