Playlist: Operating System | CS & IT | GATE 2026 Crash Course
Exported: 2026-09-04 09:33:49
Total Lectures: 7

Lecture Number,Title,YouTube Link
1,"OS 07 : Page Replacement Algorithms, File System & Disk Scheduling | CS, IT | GATE 2026 Crash Course",https://www.youtube.com/watch?v=Ak1a0MnvTH0
2,Operating System 06 : Virtual Memory | CS & IT | GATE 2026 Crash Course,https://www.youtube.com/watch?v=hoBLxlcxhXs
3,Operating System 05 : Memory Management & Paging | CS & IT | GATE 2026 Crash Course,https://www.youtube.com/watch?v=uVzaPlD69Y4
4,Operating System 04 : Deadlock & Banker's Algorithm | CS & IT | GATE 2026 Crash Course,https://www.youtube.com/watch?v=-_oQS2ACtY4
5,Operating System 03 : Process Synchronization & Semaphores | CS & IT | GATE 2026 Crash Course,https://www.youtube.com/watch?v=K71pRtq7aB4
6,Operating System 02 : CPU Scheduling Algorithms | CS & IT | GATE 2026 Crash Course,https://www.youtube.com/watch?v=JD9Q8jWW6iM
7,Operating System 01 : Basics and Process Management | CS & IT | GATE 2026 Crash Course,https://www.youtube.com/watch?v=_yYxoqsEGo0
